lgd14_code,crisis_vulnerability_score,crisis_vulnerability_decile,Extent,imd_decile
N09000001,-0.2782707174813803,2,0.08000850878109876,3
N09000002,-0.2545103291423338,3,0.12495257187031981,5
N09000003,0.49331865475364683,10,0.38242813473345516,9
N09000004,0.08400162875072512,8,0.16735847987128785,7
N09000005,0.2053838594934061,9,0.4013084054600997,10
N09000006,-0.14300710060384925,5,0.16475997977191395,6
N09000007,-0.4877060647420331,1,0.0354372479066289,1
N09000008,-0.12812089326349627,6,0.10841258372072017,4
N09000009,-0.0865173625297566,7,0.04968215322015808,1
N09000010,-0.18680967292281686,4,0.22267464790892433,8
N09000011,-0.3349992976836074,1,0.07066946903272894,2
