ltla21_code,crisis_vulnerability_score,crisis_vulnerability_decile,Extent,imd_decile
W06000001,-0.031017774077082436,5,0.10711769537058814,2
W06000002,0.24778516534679498,8,0.05107409660953926,1
W06000003,-0.010299111813749538,6,0.12041060562038783,3
W06000004,-0.024684003573045104,5,0.16581870550603225,5
W06000005,-0.36065938839079204,1,0.11333725007586229,2
W06000006,-0.16567953178215733,3,0.14845734893733814,5
W06000008,0.4613141803162217,9,0.028524223413613475,1
W06000009,0.07258753683302283,7,0.11553691589606038,3
W06000010,0.1489701760090515,7,0.12772851483376263,4
W06000011,0.22650460292021726,8,0.23572734961378616,6
W06000012,-0.01659670670875781,6,0.31854391412365474,9
W06000013,-0.4065054582266952,1,0.20542384547077217,6
W06000014,-0.3488117729511212,2,0.12654672511861972,4
W06000015,0.5131195103268986,10,0.2735643093391814,8
W06000016,-0.34714870408598403,2,0.30028950597031073,8
W06000018,-0.42422177670418587,1,0.24411530552184685,7
W06000019,-0.04417225855891157,4,0.4411516161937292,10
W06000020,-0.3107640299270919,2,0.26594782605773165,7
W06000021,-0.275200760035932,3,0.020873743190834678,1
W06000022,0.36339167526547395,9,0.34627273512986734,10
W06000023,0.6058945908566932,10,0.05107474769151897,2
W06000024,-0.13540209460359198,4,0.3123900927766155,9
