ltla20_code,crisis_vulnerability_score,crisis_vulnerability_decile,Extent,imd_decile
S12000005,0.1863608424400288,8,0.2633358352225149,8
S12000006,-0.017678696110002178,6,0.09958657728561629,4
S12000008,0.21439306625509094,9,0.2951222505489196,8
S12000010,-0.1669325563828742,5,0.08184291618953068,3
S12000011,-0.42189063347033107,2,0.0535551796900395,2
S12000013,-0.3125658102450804,4,0.005669910179640714,1
S12000014,-0.1504359720035701,5,0.16158905561498374,6
S12000017,-0.3970310770357513,3,0.09299853596591656,4
S12000018,0.35534284117333553,9,0.41531514680016235,10
S12000019,0.08599160924577817,7,0.1077974259139087,5
S12000020,-0.5492211832899511,1,0.03137362818442474,2
S12000021,0.36688379318962927,10,0.37767966375788065,10
S12000023,-0.7547478739056894,1,0.0029746177297757174,1
S12000026,-0.41401790641178676,3,0.06025233632084713,3
S12000027,-0.456233791827942,2,0.007439147607237989,1
S12000028,-0.11743182563441655,5,0.16478932879663857,7
S12000029,-0.025985442657351903,6,0.19840024827300834,7
S12000030,-0.5296560769529199,2,0.11387236800205587,5
S12000033,-0.3359817385236582,4,0.10504621691106236,5
S12000034,-0.7560079607107267,1,0.026190764035389953,1
S12000035,-0.3225677397520229,4,0.09327303206192959,4
S12000036,0.19423013562497257,8,0.11492667192718427,6
S12000038,-0.10123483964632814,6,0.2432180052308325,8
S12000039,0.456427035323187,10,0.3770793705279729,9
S12000040,0.017510608045600277,7,0.1623255051884216,6
S12000041,-0.3725958166810578,3,0.08599635383639821,3
S12000042,0.19943350950295927,8,0.3703220388568528,9
S12000045,-0.46381854437148873,2,0.05438294512053329,2
S12000047,0.09175647913706432,7,0.19188458530880806,7
S12000048,-0.5797635744509927,1,0.05864245510122789,2
S12000049,0.7360764800377344,10,0.4339056867908969,10
S12000050,0.2562868985003427,9,0.311260424327362,9
